"Level";"Name";"Type";"Cast Time";"Range";"Components";"Duration";"Description";"Source"
"1";"Armor of Agathys";"1st level Abjuration";"1 action";"Self";"V, S, M";"1 hour";"(a cup of water)A protective magical force surrounds you, manifesting as a spectral frost that covers you and your gear. You gain 5 temporary hit points for the duration. If a creature hits you with a melee attack while you have these hit points, the creature takes 5 cold damage.<br> <b>At Higher Levels</b>: When you cast this spell using a spell slot of 2nd level or higher, both the temporary hit points and the cold damage increase by 5 for each slot level above 1st. ";"Paladin (Conquest)"
"1";"Bane";"1st level Enchantment ";"1 action";"30 feet";"V, S, M";"Concentration, up to 1 minute";"(a drop of blood)Up to three creatures of your choice that you can see within range must make Charisma saving throws. Whenever a target that fails this saving throw makes an attack roll or a saving throw before the spell ends, the target must roll a d4 and subtract the number rolled from the attack roll or saving throw.<br> <b>At Higher Levels</b>: When you cast this spell using a spell slot of 2nd level or higher, you can target one additional creature for each slot level above 1st. ";"Paladin (Vengeance)"
"1";"Bless";"1st level Enchantment ";"1 action";"30 feet";"V, S, M";"Concentration, up to 1 minute";"(a sprinkling of holy water)You bless up to three creatures of your choice within range. Whenever a target makes an attack roll or a saving throw before the spell ends, the target can roll a d4 and add the number rolled to the attack roll or saving throw.<br> <b>At Higher Levels</b>: When you cast this spell using a spell slot of 2nd level or higher, you can target one additional creature for each slot level above 1st. ";"Paladin"
"1";"Ceremony (ritual)";"1st level Abjuration";"1 hour";"Touch";"V, S, M";"Instantaneous";"(25 gp worth of powdered silver, which the spell consumes)You perform a special religious ceremony that is infused with magic. When you cast the spell, choose one of the following rites, the target of which must be within 10 feet of you throughout the casting.<br> <b>Atonement</b>: You touch one willing creature whose alignment has changed, and you make a DC 20 Wisdom (Insight) check. On a successful check, you restore the target to its original alignment.<br> <b>Bless Water</b>: You touch one vial of water and cause it to become holy water.<br> <b>Coming of Age</b>: You touch one humanoid who is a young adult. For the next 24 hours, whenever the target makes an ability check, it can roll a d4 and add the number rolled to the ability check. A creature can benefit from this rite only once.<br> <b>Dedication</b>: You touch one humanoid who wishes to be dedicated to your god's service. For the next 24 hours, whenever the target makes a saving throw, it can roll a d4 and add the number rolled to the save. A creature can benefit from this rite only once.<br> <b>Funeral Rite</b>: You touch one corpse, and for the next 7 days, the target can't become undead by any means short of a <i>wish</i> spell.<br> <b>Wedding</b>: You touch adult humanoids willing to be bonded together in marriage. For the next 7 days, each target gains a +2 bonus to AC while they are within 30 feet of each other. A creature can benefit from this rite again only if widowed.";"Paladin (XGE)"
"1";"Command";"1st level Enchantment ";"1 action";"60 feet";"V";"1 round";"You speak a one-word command to a creature you can see within range. The target must succeed on a Wisdom saving throw or follow the command on its next turn. The spell has no effect if the target is undead, if it doesn't understand your language, or if your command is directly harmful to it.<br> Some typical commands and their effects follow.<br> You might issue a command other than one described here. If you do so, the DM determines how the target behaves. If the target can't follow your command, the spell ends.<br> <b>Approach</b>: The target moves toward you by the shortest and most direct route, ending its turn if it moves within 5 feet of you.<br> <b>Drop</b>: The target drops whatever it is holding and then ends its turn.<br> <b>Flee</b>: The target spends its turn moving away from you by the fastest available means.<br> <b>Grovel</b>: The target falls prone and then ends its turn.<br> <b>Halt</b>: The target doesn't move and takes no actions. A flying creature stays aloft, provided that it is able to do so. If it must move to stay aloft, it flies the minimum distance needed to remain in the air.<br> <b>At Higher Levels</b>: When you cast this spell using a spell slot of 2nd level or higher, you can affect one additional creature for each slot level above 1st. The creatures must be within 30 feet of each other when you target them. ";"Paladin (*)(Crown)(Conquest)"
"1";"Compelled Duel";"1st level Enchantment ";"1 bonus action";"30 feet";"V";"Concentration, up to 1 minute";"You attempt to compel a creature into a duel. One creature that you can see within range must make a Wisdom saving throw. On a failed save, the creature is drawn to you, compelled by your divine demand. For the duration, it has disadvantage on attack rolls against creatures other than you, and must make a Wisdom saving throw each time it attempts to move to a space that is more than 30 feet away from you, if it succeeds on this saving throw, this spell doesn't restrict the target's movement for that turn.<br> The spell ends if you attack any other creature, if you cast a spell that targets a hostile creature other than the target, if a creature friendly to you damages the target or casts a harmful spell on it, or if you end your turn more than 30 feet away from the target. ";"Paladin (*)(Crown)"
"1";"Cure Wounds";"1st level Evocation";"1 action";"Touch";"V, S";"Instantaneous";"A creature you touch regains a number of hit points equal to 1d8 + your spellcasting ability modifier. This spell has no effect on undead or constructs.<br> <b>At Higher Levels</b>: When you cast this spell using a spell slot of 2nd level or higher, the healing increases by 1d8 for each slot level above 1st. ";"Paladin"
"1";"Detect Evil and Good";"1st level Divination";"1 action";"Self";"V, S";"Concentration, up to 10 minutes";"For the duration, you know if there is an aberration, celestial, elemental, fey, fiend, or undead within 30 feet of you, as well as where the creature is located. Similarly, you know if there is a place of object within 30 feet of you that has been magically consecrated or desecrated.<br> The spell can penetrate most barriers, but it is blocked by 1 foot of stone, 1 inch of common metal, a thin sheet of lead, or 3 feet of wood or dirt.";"Paladin"
"1";"Detect Magic (ritual)";"1st level Divination";"1 action";"Self";"V, S";"Concentration, up to 10 minutes";"For the duration, you sense the presence of magic within 30 feet of you. If you sense magic in this way, you can use your action to see a faint aura around any visible creature or object in the area that bears magic, and you learn its school of magic, if any.<br> The spell can penetrate most barriers, but is blocked by 1 foot of stone, 1 inch of common metal, a thin sheet of lead, or 3 feet of wood or dirt. ";"Paladin"
"1";"Detect Poison and Disease";"1st level Divination";"1 action";"Self";"V, S, M";"Concentration, up to 10 minutes";"(a yew leaf)For the duration, you can sense the presence and location of poisons, poisonous creatures, and diseases within 30 feet of you. You also identify the kind of poison, poisonous creature, or disease in each case.<br> The spell can penetrate most barriers, but is blocked by 1 foot of stone, 1 inch of common metal, a thin sheet of lead, or 3 feet of wood or dirt. ";"Paladin"
"1";"Divine Favor";"1st level Evocation";"1 bonus action";"Self";"V, S";"Concentration, up to 1 minute";"Your prayer empowers you with divine radiance. Until the spell ends, your weapon attacks deal and extra 1d4 radiant damage on a hit.";"Paladin"
"1";"Ensnaring Strike";"1st level Conjuration";"1 bonus action";"Self";"V";"Concentration, up to 1 minute";"The next time you hit a creature with a weapon attack before this spell ends, a writhing mass of thorny vines appears at the point of impact, and the target must succeed on a Strength saving throw or be restrained by the magical vines until the spell ends. A Large or larger creature has advantage on this saving throw. If the target succeeds on the save, the vines shrivel away.<br> While restrained by this spell, the target takes 1d6 piercing damage at the start of each of its turns. A creature restrained by the vines or one that can touch the creature can use its action to make a Strength check against your spell save DC. On a success, the target is freed.<br> <b>At Higher Levels</b>: If you cast this spell using a spell slot of 2nd level or higher, the damage increases by 1d6 for each slot level above 1st. ";"Paladin (Ancients)"
"1";"Hellish Rebuke";"1st level Evocation";"1 reaction";"60 feet";"V, S";"Instantaneous";"You point your finger, and the creature that damaged you is momentarily surrounded by hellish flames. The creature must make a Dexterity saving throw. It takes 2d10 fire damage on a failed save, or half as much damage on a successful one.<br> <b>At Higher Levels</b>: When you cast this spell using a spell slot of 2nd level or higher, the damage increases by 1d10 for each slot level above 1st. ";"Paladin (Oathbreaker)"
"1";"Heroism";"1st level Enchantment ";"1 action";"Touch";"V, S";"Concentration, up to 1 minute";"A willing creature you touch is imbued with bravery. Until the spell ends, the creature is immune to being frightened and gains temporary hit points equal to your spellcasting ability modifier at the start of each of its turns. When the spell ends, the target loses any remaining temporary hit points from this spell.<br> <b>At Higher Levels</b>: When you cast this spell using a spell slot of 2nd level or higher, you can target one additional creature for each slot level above 1st. ";"Paladin"
"1";"Hunter's Mark";"1st level Divination";"1 bonus action";"90 feet";"V";"Concentration, up to 1 hour";"You choose a creature you can see within range and mystically mark it as your quarry. Until the spell ends, you deal an extra 1d6 damage to the target whenever you hit it with a weapon attack, and you have advantage on any Wisdom (Perception) or Wisdom (Survival) check you make to find it. If the target drops to 0 hit points before this spell ends, you can use a bonus action on a subsequent turn of yours to mark a new creature.<br> <b>At Higher Levels</b>: When you cast this spell using a spell slot of 3rd or 4th level, you can maintain your concentration on the spell for up to 8 hours. When you use a spell slot of 5th level or higher, you can maintain your concentration on the spell for up to 24 hours. ";"Paladin (Vengeance)"
"1";"Inflict Wounds";"1st level Necromancy";"1 action";"Touch";"V, S";"Instantaneous";"Make a melee spell attack against a creature you can reach. On a hit, the target takes 3d10 necrotic damage.<br> <b>At Higher Levels</b>: When you cast this spell using a spell slot of 2nd level or higher, the damage increases by 1d10 for each slot level above 1st. ";"Paladin (Oathbreaker)"
"1";"Protection from Evil and Good";"1st level Abjuration";"1 action";"Touch";"V, S, M";"Concentration, up to 10 minutes";"(holy water or powdered silver and iron, which the spell consumes)Until the spell ends, one willing creature you touch is protected against certain types of creatures - aberrations, celestials, elementals, fey, fiends, and undead.<br> The protection grants several benefits. Creatures of those types have disadvantage on attack rolls against the target. The target also can't be charmed, frightened, or possessed by them. If the target is already charmed, frightened, or possessed by such a creature, the target has advantage on any new saving throw against the relevant effect. ";"Paladin (*)(Devotion)"
"1";"Purify Food and Drink (ritual)";"1st level Transmutation";"1 action";"10 feet";"V, S";"Instantaneous";"All nonmagical food and drink within a 5-foot-radius sphere centered on a point of your choice within range is purified and rendered free of poison and disease.";"Paladin"
"1";"Sanctuary";"1st level Abjuration";"1 bonus action";"30 feet";"V, S, M";"1 minute";"(a small silver mirror)You ward a creature within range against attack. Until the spell ends, any creature who targets the warded creature with an attack or a harmful spell must first make a Wisdom saving throw. On a failed save, the creature must choose a new target or lose the attack or spell. This spell doesn't protect the warded creature from area effects, such as the explosion of a fireball.<br> If the warded creature makes an attack or casts a spell that affects an enemy creature, this spell ends. ";"Paladin (Devotion)(Redemption)"
"1";"Searing Smite";"1st level Evocation";"1 bonus action";"Self";"V";"Concentration, up to 1 minute";"The next time you hit a creature with a melee weapon attack during the spell's duration, your weapon flares with white-hot intensity, and the attack deals an extra 1d6 fire damage to the target and causes the target to ignite in flames. At the start of each of its turns until the spell ends, the target must make a Constitution saving throw. On a failed save, it takes 1d6 fire damage. On a successful save, the spell ends. If the target or a creature within 5 feet of it uses an action to put out the flames, or if some other effect douses the flames (such as the target being submerged in water), the spell ends.<br> <b>At Higher Levels</b>: When you cast this spell using a spell slot of 2nd level or higher, the initial extra damage dealt by the attack increases by 1d6 for each slot above the 1st. ";"Paladin"
"1";"Shield of Faith";"1st level Abjuration";"1 bonus action";"60 feet";"V, S, M";"Concentration, up to 10 minutes";"(a small parchment with a bit of holy text written on it)A shimmering field appears and surrounds a creature of your choice within range, granting it a +2 bonus to AC for the duration.";"Paladin"
"1";"Sleep";"1st level Enchantment ";"1 action";"90 feet";"V, S, M";"1 minute";"(a pinch of find sand, rose petals, or a cricket)This spell sends creatures into a magical slumber. Roll 5d8, the total is how many hit points of creatures this spell can affect. Creatures within 20 feet of a point you choose within range are affected in ascending order of their current hit points (ignoring unconscious creatures).<br> Starting with the creature that has the lowest current hit points, each creature affected by this spell falls unconscious until the spell ends, the sleeper takes damage, or someone uses an action to shake or slap the sleeper awake. Subtract each creature's hit points from the total before moving on to the creature with the next lowest hit points. A creature's hit points must be equal to or less than the remaining total for that creature to be affected.<br> Undead and creatures immune to being charmed aren't affected by this spell.<br> <b>At Higher Levels</b>: When you cast this spell using a spell slot of 2nd level or higher, roll an additional 2d8 for each slot level above 1st. ";"Paladin (Redemption)"
"1";"Speak with Animals (ritual)";"1st level Divination";"1 action";"Self";"V, S";"10 minutes";"You gain the ability to comprehend and verbally communicate with beasts for the duration. The knowledge and awareness of many beasts is limited by their intelligence, but at minimum, beasts can give you information about nearby locations and monsters, including whatever they can perceive or have perceived within the past day. You might be able to persuade a beast to perform a small favor for you, at the DM's discretion.";"Paladin (Ancients)"
"1";"Thunderous Smite";"1st level Evocation";"1 bonus action";"Self";"V";"Concentration, up to 1 minute";"The first time you hit with a melee weapon attack during this spell's duration, your weapon rings with thunder that is audible within 300 feet of you, and the attack deals an extra 2d6 thunder damage to the target. Additionally, if the target is a creature, it must succeed on a Strength saving throw or be pushed 10 feet away from you and knocked prone.";"Paladin"
"1";"Wrathful Smite";"1st level Evocation";"1 bonus action";"Self";"V, S, M";"Concentration, up to 1 minute";"The next time you hit with a melee weapon attack during this spell's duration, your attack deals an extra 1d6 psychic damage. Additionally, if the target is a creature, it must make a Wisdom saving throw or be frightened of you until the spell ends. As an action, the creature can make a Wisdom check against your spell save DC to steel its resolve and end this spell.";"Paladin"
"1";"Guiding Bolt";"1st level Evocation";"1 action";"120 feet";"V, S";"1 round";"A flash of light streaks toward a creature of your choice within range. Make a ranged spell attack against the target. On a hit, the target takes 4d6 radiant damage, and the next attack roll made against this target before the end of your next turn has advantage, thanks to the mystical dim light glittering on the target until then.<br> <b>At Higher Levels</b>: When you cast this spell using a spell slot of 2nd level or higher, the damage increases by 1d6 for each slot level above 1st. ";"Paladin (Glory)"
"1";"Heroism";"1st level Enchantment ";"1 action";"Touch";"V, S";"Concentration, up to 1 minute";"A willing creature you touch is imbued with bravery. Until the spell ends, the creature is immune to being frightened and gains temporary hit points equal to your spellcasting ability modifier at the start of each of its turns. When the spell ends, the target loses any remaining temporary hit points from this spell.<br><br><b>At Higher Levels</b>: When you cast this spell using a spell slot of 2nd level or higher, you can target 1 additional creature for each slot level above 1st. ";"Paladin (Glory)"
"1";"Alarm (ritual)";"1st level Abjuration";"1 minute";"30 feet";"V, S, M";"8 hours";"(a tiny bell and a piece of fine silver wire)You set an alarm against unwanted intrusion. Choose a door, a window, or an area within range that is no larger than a 20-foot cube. Until the spell ends, an alarm alerts you whenever a tiny or larger creature touches or enters the warded area. When you cast the spell, you can designate creatures that won't set off the alarm. You also choose whether the alarm is mental or audible.<br> A mental alarm alerts you with a ping in your mind if you are within 1 mile of the warded area. This ping awakens you if you are sleeping.<br> An audible alarm produces the sound of a hand bell for 10 seconds within 60 feet. ";"Paladin (Watchers)"
"1";"Detect Magic (ritual)";"1st level Divination";"1 action";"Self";"V, S";"Concentration, up to 10 minutes";"For the duration, you sense the presence of magic within 30 feet of you. If you sense magic in this way, you can use your action to see a faint aura around any visible creature or object in the area that bears magic, and you learn its school of magic, if any.<br> The spell can penetrate most barriers, but is blocked by 1 foot of stone, 1 inch of common metal, a thin sheet of lead, or 3 feet of wood or dirt. ";"Paladin (Watchers)"
"2";"Aid";"2nd level Abjuration";"1 action";"30 feet";"V, S, M";"8 hours";"(a tiny strip of white cloth)Your spell bolsters your allies with toughness and resolve. Choose up to three creatures within range. Each target's hit point maximum and current hit points increase by 5 for the duration.<br> <b>At Higher Levels</b>: When you cast this spell using a spell slot of 3rd level or higher, a target's hit points increase by an additional 5 for each slot level above 2nd. ";"Paladin"
"2";"Branding Smite";"2nd level Evocation";"1 bonus action";"Self";"V";"Concentration, up to 1 minute";"The next time you hit a creature with a weapon attack before this spell ends, the weapon gleams with astral radiance as you strike. The attack deals an extra 2d6 radiant damage to the target, which becomes visible if it is invisible, and the target sheds dim light in a 5-foot radius and can't become invisible until the spell ends.<br> <b>At Higher Levels</b>: When you cast this spell using a spell slot of 3rd level or higher, the extra damage increases by 1d6 for each slot level above 2nd. ";"Paladin"
"2";"Calm Emotions";"2nd level Enchantment ";"1 action";"60 feet";"V, S";"Concentration, up to 1 minute";"You attempt to suppress strong emotions in a group of people. Each humanoid in a 20-foot-radius sphere centered on a point you choose within range must make a Charisma saving throw a creature can choose to fail this saving throw if it wishes. If a creature fails its saving throw, choose one of the following two effects.<br> You can suppress any effect causing a target to be charmed or frightened. When this spell ends, any suppressed effect resumes, provided that its duration has not expired in the meantime.<br> Alternatively, you can make a target indifferent about creatures of your choice that it is hostile toward. This indifference ends if the target is attacked or harmed by a spell or if it witnesses any of its friends being harmed. When the spell ends, the creature becomes hostile again, unless the DM rules otherwise. ";"Paladin (Redemption)"
"2";"Crown of Madness";"2nd level Enchantment ";"1 action";"120 feet";"V, S";"Concentration, up to 1 minute";"One humanoid of your choice that you can see within range must succeed on a Wisdom saving throw or become charmed by you for the duration. While the target is charmed in this way, a twisted crown of jagged iron appears on its head, and a madness glows in its eyes.<br> The charmed target must use its action before moving on each of its turns to make a melee attack against a creature other than itself that you mentally choose. The target can act normally on its turn if you choose no creature or if none are within its reach.<br> On your subsequent turns, you must use your action to maintain control over the target, or the spell ends. Also, the target can make a Wisdom saving throw at the end of each of its turns. On a success, the spell ends. ";"Paladin (Oathbreaker)"
"2";"Darkness";"2nd level Evocation";"1 action";"60 feet";"V, M";"Concentration, up to 10 minutes";"(bat fur and a drop of pitch or piece of coal)Magical darkness spreads from a point you choose within range to fill a 15-foot radius sphere for the duration. The darkness spreads around corners. A creature with darkvision can't see through this darkness, and nonmagical light can't illuminate it.<br> If the point you choose is on an object you are holding or one that isn't being worn or carried, the darkness emanates from the object and moves with it. Completely covering the source of the darkness with an opaque object, such as a bowl or a helm, blocks the darkness.<br> If any of this spell's area overlaps with an area of light created by a spell of or lower, the spell that created the light is dispelled. ";"Paladin (Oathbreaker)"
"2";"Find Steed";"2nd level Conjuration";"10 minutes";"30 feet";"V, S";"Instantaneous";"You summon a spirit that assumes the form of an unusually intelligent, strong, and loyal steed, creating a long-lasting bond with it. Appearing in an unoccupied space within range, the steed takes on a form that you choose, such as a warhorse, a pony, a camel, an elk, or a mastiff. (Your DM might allow other animals to be summoned as steeds.) The steed has the statistics of the chosen form, though it is a celestial, fey, or fiend (your choice) instead of its normal type. Additionally, if your steed has an Intelligence of 5 or less, its Intelligence becomes 6, and it gains the ability to understand one language of your choice that you speak.<br> Your steed serves you as a mount, both in combat and out, and you have an instinctive bond with it that allows you to fight as a seamless unit. While mounted on your steed, you can make any spell you cast that targets only you also target your steed.<br> When the steed drops to 0 hit points, it disappears, leaving behind no physical form. You can also dismiss your steed at any time as an action, causing it to disappear. In either case, casting this spell again summons the same steed, restored to its hit point maximum.<br> While your steed is within 1 mile of you, you can communicate with it telepathically.<br> You can't have more than one steed bonded by this spell at a time. As an action, you can release the steed from its bond at any time, causing it to disappear. ";"Paladin"
"2";"Hold Person";"2nd level Enchantment ";"1 action";"60 feet";"V, S, M";"Concentration, up to 1 minute";"(a small, straight piece of iron)Choose a humanoid that you can see within range. The target must succeed on a Wisdom saving throw or be paralyzed for the duration. At the end of each of its turns, the target can make another Wisdom saving throw. On a success, the spell ends on the target.<br> <b>At Higher Levels</b>: When you cast this spell using a spell slot of 3rd level or higher, you can target on additional humanoid for each slot level above 2nd. The humanoids must be within 30 feet of each other when you target them. ";"Paladin"
"2";"Lesser Restoration";"2nd level Abjuration";"1 action";"Touch";"V, S";"Instantaneous";"You touch a creature and can end either one disease or one condition afflicting it. The condition can be blinded, deafened, paralyzed, or poisoned.";"Paladin (*)(Devotion)"
"2";"Locate Object";"2nd level Divination";"1 action";"Self";"V, S, M";"Concentration, up to 10 minutes";"(a forked twig)Describe or name an object that is familiar to you. You sense the direction to the object's location, as long as that object is within 1,000 feet of you. If the object is in motion, you know the direction of its movement.<br> The spell can locate a specific object known to you, as long as you have seen it up close - within 30 feet - at least once. Alternatively, the spell can locate the nearest object of a particular kind, such as a certain kind of apparel, jewelry, furniture, tool, or weapon.<br> This spell can't locate an object if any thickness of lead, even a thin sheet, blocks a direct path between you and the object. ";"Paladin"
"2";"Magic Weapon";"2nd level Transmutation";"1 bonus action";"Touch";"V, S";"Concentration, up to 1 hour";"You touch a nonmagical weapon. Until the spell ends, that weapon becomes a magic weapon with a +1 bonus to attack rolls and damage rolls.<br> <b>At Higher Levels</b>: When you cast this spell using a spell slot of 4th level or higher, the bonus increases to +2. When you use a spell slot of 6th level or higher, the bonus increases to +3. ";"Paladin"
"2";"Misty Step";"2nd level Conjuration";"1 bonus action";"Self";"V";"Instantaneous";"Briefly surrounded by silvery mist, you teleport up to 30 feet to an unoccupied space that you can see.";"Paladin (Ancients)(Vengeance)"
"2";"Moonbeam";"2nd level Evocation";"1 action";"120 feet";"V, S, M";"Concentration, up to 1 minute";"(several seeds of any moonseed plant and a piece of opalescent feldspar)A silvery beam of pale light shines down in a 5-foot radius, 40-foot-high cylinder centered on a point within range. Until the spell ends, dim light fills the cylinder.<br> When a creature enters the spell's area for the first time on a turn or starts its turn there, it is engulfed in ghostly flames that cause searing pain, and it must make a Constitution saving throw. It takes 2d10 radiant damage on a failed save, or half as much damage on a successful one.<br> A shapechanger makes its saving throw with disadvantage. If it fails, it also instantly reverts to its original form and can't assume a different form until it leaves the spell's light.<br> On each of your turns after you cast this spell, you can use an action to move the beam 60 feet in any direction.<br> <b>At Higher Levels</b>: When you cast this spell using a spell slot of 3rd level or higher, the damage increases by 1d10 for each slot level above 2nd. ";"Paladin (Ancients)"
"2";"Protection from Poison";"2nd level Abjuration";"1 action";"Touch";"V, S";"1 hour";"You touch a creature. If it is poisoned, you neutralize the poison. If more than one poison afflicts the target, you neutralize on poison that you know is present, or you neutralize one at random.<br> For the duration, the target has advantage on saving throws against being poisoned, and it has resistance to poison damage. ";"Paladin"
"2";"Spiritual Weapon";"2nd level Evocation";"1 bonus action";"60 feet";"V, S";"1 minute";"You create a floating, spectral weapon within range that lasts for the duration or until you cast this spell again. When you cast the spell, you can make a melee spell attack against a creature within 5 feet of the weapon. On a hit, the target takes force damage equal to 1d8 + your spellcasting ability modifier.<br> As a bonus action on your turn, you can move the weapon up to 20 feet and repeat the attack against a creature within 5 feet of it.<br> The weapon can take whatever form you choose. Clerics of deities who are associated with a particular weapon (as St. Cuthbert is known for his mace and Thor for his hammer) make this spell's effect resemble that weapon.<br> <b>At Higher Levels</b>: When you cast this spell using a spell slot 3rd level of or higher, the damage increases by 1d8 for every two slot levels above the 2nd. ";"Paladin (Conquest)"
"2";"Warding Bond";"2nd level Abjuration";"1 action";"Touch";"V, S, M";"1 hour";"(a pair of platinum rings worth at least 50 gp each, which you and target must wear for the duration)This spell wards a willing creature you touch and creates a mystic connection between you and the target until the spell ends. While the target is within 60 feet of you, it gains a +1 bonus to AC and saving throws, and it has resistance to all damage. Also, each time it takes damage, you take the same amount of damage.<br> The spell ends if you drop to 0 hit points or if you and the target become separated by more than 60 feet. It also ends if the spell is cast again on either of the connected creatures. You can also dismiss the spell as an action. ";"Paladin (Crown)"
"2";"Zone of Truth";"2nd level Enchantment ";"1 action";"60 feet";"V, S";"10 minutes";"You create a magical zone that guards against deception in a 15-foot-radius sphere centered on a point of your choice within range. Until the spell ends, a creature that enters the spell's area for the first time on a turn or starts its turn there must make a Charisma saving throw. On a failed save, a creature can't speak a deliberate lie while in the radius. You know whether each creature succeeds or fails on its saving throw.<br> An affected creature is aware of the spell and can thus avoid answering questions to which it would normally respond with a lie. Such creatures can be evasive in its answers as long as it remains within the boundaries of the truth. ";"Paladin (*)(Devotion)(Crown)"
"2";"Enhance Ability";"2nd level Transmutation";"1 action";"Touch";"V, S, M";"Concentration, up to 1 hour";"(fur or a feather from a beast)You touch a creature and bestow upon it a magical enhancement. Choose one of the following effects - the target gains the effect until the spell ends.<br> <b>Bear's Endurance</b>: The target has advantage on Constitution checks. It also gains 2d6 temporary hit points, which are lost when the spell ends.<br> <b>Bull's Strength</b>: The target has advantage on Strength checks, and his or her carrying capacity doubles.<br> <b>Cat's Grace</b>: The target has advantage on Dexterity checks. It also doesn't take damage from falling 20 feet or less if it isn't incapacitated.<br> <b>Eagle's Splendor</b>: The target has advantage on Charisma checks.<br> <b>Fox's Cunning</b>: The target has advantage on Intelligence checks.<br> <b>Owl's Wisdom</b>: The target has advantage on Wisdom checks.<br> <b>At Higher Levels</b>: When you cast this spell using a spell slot of 3rd level or higher, you can target one additional creature for each slot level above 2nd.";"Paladin (Glory)"
"2";"Magic Weapon";"2nd level Transmutation";"1 bonus action";"Touch";"V, S";"Concentration, up to 1 hour";"You touch a nonmagical weapon. Until the spell ends, that weapon becomes a magic weapon with a +1 bonus to attack rolls and damage rolls.<br> <b>At Higher Levels</b>: When you cast this spell using a spell slot of 4th level or higher, the bonus increases to +2. When you use a spell slot of 6th level or higher, the bonus increases to +3. ";"Paladin (Glory)"
"2";"Gentle Repose (ritual)";"2nd level Necromancy";"1 action";"Touch";"V, S, M";"10 days";"(a pinch of salt and one copper piece placed on each of the corpse's eyes, which must remain there for the duration)You touch a corpse or other remains. For the duration, the target is protected from decay and can't become undead.<br> The spell also effectively extends the time limit on raising the target from the dead, since days spent under the influence of this spell don't count against the time limit of spells such as <i>raise dead</i>. ";"Paladin (TCE)"
"2";"Prayer of Healing";"2nd level Evocation";"10 minutes";"30 feet";"V";"Instantaneous";"Up to six creatures of your choice that you can see within range each regain hit points equal to 2d8 + your spellcasting ability modifier. This spell has no effect on undead or constructs.<br> <b>At Higher Levels</b>: When you cast this spell using a spell slot of 3rd level or higher, the healing increases by 1d8 for each slot level above 2nd. ";"Paladin (TCE)"
"2";"Warding Bond";"2nd level Abjuration";"1 action";"Touch";"V, S, M";"1 hour";"(a pair of platinum rings worth at least 50 gp each, which you and target must wear for the duration)This spell wards a willing creature you touch and creates a mystic connection between you and the target until the spell ends. While the target is within 60 feet of you, it gains a +1 bonus to AC and saving throws, and it has resistance to all damage. Also, each time it takes damage, you take the same amount of damage.<br> The spell ends if you drop to 0 hit points or if you and the target become separated by more than 60 feet. It also ends if the spell is cast again on either of the connected creatures. You can also dismiss the spell as an action. ";"Paladin (TCE)"
"2";"Moonbeam";"2nd level Evocation";"1 action";"120 feet";"V, S, M";"Concentration, up to 1 minute";"(several seeds of any moonseed plant and a piece of opalescent feldspar)A silvery beam of pale light shines down in a 5-foot radius, 40-foot-high cylinder centered on a point within range. Until the spell ends, dim light fills the cylinder.<br> When a creature enters the spell's area for the first time on a turn or starts its turn there, it is engulfed in ghostly flames that cause searing pain, and it must make a Constitution saving throw. It takes 2d10 radiant damage on a failed save, or half as much damage on a successful one.<br> A shapechanger makes its saving throw with disadvantage. If it fails, it also instantly reverts to its original form and can't assume a different form until it leaves the spell's light.<br> On each of your turns after you cast this spell, you can use an action to move the beam 60 feet in any direction.<br> <b>At Higher Levels</b>: When you cast this spell using a spell slot of 3rd level or higher, the damage increases by 1d10 for each slot level above 2nd. ";"Paladin (Watchers)"
"2";"See Invisibility";"2nd level Divination";"1 action";"Self";"V, S, M";"1 hour";"(A pinch of Talc and a small sprinkling of powdered silver)For the duration, you see invisible creatures and objects as if they were visible, and you can see into the Ethereal Plane. Ethereal creatures and objects appear ghostly and translucent.";"Paladin (Watchers)"
"3";"Animate Dead";"3rd level Necromancy";"1 minute";"10 feet";"V, S, M";"Instantaneous";"(a drop of blood, a piece of flesh, and a pinch of bone dust)This spell creates an undead servant. Choose a pile of bones or a corpse of a Medium or Small humanoid within range. Your spell imbues the target with a foul mimicry of life, raising it as an undead creature. The target becomes a skeleton if you chose bones or a zombie if you chose a corpse (the DM has the creature's game statistics).<br> On each of your turns, you can use a bonus action to mentally command any creature you made with this spell if the creature is within 60 feet of you (if you control multiple creatures, you can command any or all of them at the same time, issuing the same command to each one). You decide what action the creature will take and where it will move during its next turn, or you can issue a general command, such as to guard a particular chamber or corridor. If you issue no commands, the creature only defends itself against hostile creatures. Once given an order, the creature continues to follow it until its task is complete.<br> The creature is under your control for 24 hours, after which it stops obeying any command you've given it. To maintain the control of the creature for another 24 hours, you must cast this spell on the creature again before the current 24-hour period ends. This use of the spell reasserts your control over up to four creatures you have animated with this spell, rather than animating a new one.<br> <b>At Higher Levels</b>: When you cast this spell using a spell slot of 4th level or higher, you animate or reassert control over two additional undead creatures for each slot above 3rd. Each of the creatures must come from a different corpse or pile of bones. ";"Paladin (Oathbreaker)"
"3";"Aura of Vitality";"3rd level Evocation";"1 action";"Self (30-foot radius)";"V";"Concentration, up to 1 minute";"Healing energy radiates from you in an aura with a 30-foot radius. Until the spell ends, the aura moves with you, centered on you. You can use a bonus action to cause one creature in the aura (including you) to regain 2d6 hit points.";"Paladin (*)(Crown)"
"3";"Beacon of Hope";"3rd level Abjuration";"1 action";"30 feet";"V, S";"Concentration, up to 1 minute";"This spell bestows hope and vitality. Choose any number of creatures within range. For the duration, each target has advantage on Wisdom saving throws and death saving throws, and regains the maximum number of hit points possible from any healing.";"Paladin (Devotion)"
"3";"Bestow Curse";"3rd level Necromancy";"1 action";"Touch";"V, S";"Concentration, up to 1 minute";"You touch a creature, and that creature must succeed on a Wisdom saving throw or become cursed for the duration of the spell. When you cast this spell, choose the nature of the curse from the following options.<br> • Choose one ability score. While cursed, the target has disadvantage on ability checks and saving throws made with that ability score.<br> • While cursed, the target has disadvantage on attack rolls against you.<br> • While cursed, the target must make a Wisdom saving throw at the start of each of its turns. If it fails, it wastes its action that turn doing nothing.<br> • While the target is cursed, your attacks and spells deal an extra 1d8 necrotic damage to the target.<br> A <i>remove curse</i> spell ends this effect. At the DM's option, you may choose an alternative curse effect, but it should be no more powerful than those described above. The DM has final say on such a curse's effect.<br> <b>At Higher Levels</b>: If you cast this spell using a spell slot of 4th level or higher, the duration is concentration, up to 10 minutes. If you use a spell slot of 5th level or higher, the duration is 8 hours. If you use a spell slot of 7th level or higher, the duration is 24 hours. If you use a 9th level spell slot, the spell lasts until it is dispelled. Using a spell slot of 5th level or higher grants a duration that doesn't require concentration. ";"Paladin (Oathbreaker)(Conquest)"
"3";"Blinding Smite";"3rd level Evocation";"1 bonus action";"Self";"V";"Concentration, up to 1 minute";"The next time you hit a creature with a melee weapon attack during this spell's duration, you weapon flares with a bright light, and the attack deals an extra 3d8 radiant damage to the target. Additionally, the target must succeed on a Constitution saving throw or be blinded until the spell ends.<br> A creature blinded by this spell makes another Constitution saving throw at the end of each of its turns. On a successful save, it is no longer blinded. ";"Paladin"
"3";"Counterspell";"3rd level Abjuration";"1 reaction";"60 feet";"S";"Instantaneous";"You attempt to interrupt a creature in the process of casting a spell. If the creature is casting a spell of 3rd level or lower, its spell fails and has no effect. If it is casting a spell of 4th level or higher, make an ability check using your spellcasting ability. The DC equals 10 + the spell's level. On a success, the creature's spell fails and has no effect.<br> <b>At Higher Levels</b>: When you cast this spell using a spell slot of 4th level or higher, the interrupted spell has no effect if its level is less than or equal to the level of the spell slot you used. ";"Paladin (Redemption)"
"3";"Create Food and Water";"3rd level Conjuration";"1 action";"30 feet";"V, S";"Instantaneous";"You create 45 pounds of food and 30 gallons of water on the ground or in containers within range, enough to sustain up to fifteen humanoids or five steeds for 24 hours. The food is bland but nourishing, and spoils if uneaten after 24 hours. The water is clean and doesn't go bad.";"Paladin"
"3";"Crusader's Mantle";"3rd level Evocation";"1 action";"Self";"V";"Concentration, up to 1 minute";"Holy power radiates from you in an aura with a 30-foot radius, awakening boldness in friendly creatures. Until the spell ends, the aura moves with you, centered on you. While in the aura, each non-hostile creature in the aura (including you) deals an extra 1d4 radiant damage when it hits with a weapon attack.";"Paladin"
"3";"Daylight";"3rd level Evocation";"1 action";"60 feet";"V, S";"1 hour";"A 60-foot-radius sphere of light spreads out from a point you choose within range. The sphere is bright light and sheds dim light for an additional 60 feet.<br> If you chose a point on an object you are holding or one that isn't being worn or carried, the light shines from the object with and moves with it. Completely covering the affected object with an opaque object, such as a bowl or a helm, blocks the light.<br> If any of this spell's area overlaps with an area of darkness created by a spell of or lower, the spell that created the darkness is dispelled. ";"Paladin"
"3";"Dispel Magic";"3rd level Abjuration";"1 action";"120 feet";"V, S";"Instantaneous";"Choose any creature, object, or magical effect within range. Any spell of 3rd level or lower on the target ends. For each spell of 4th level or higher on the target, make an ability check using your spellcasting ability. The DC equals 10 + the spell's level. On a successful check, the spell ends.<br> <b>At Higher Levels</b>: When you cast this spell using a spell slot of 4th level or higher, you automatically end the effects of a spell on the target if the spell's level is equal to or less than the level of the spell slot you used. ";"Paladin (*)(Devotion)"
"3";"Elemental Weapon";"3rd level Transmutation";"1 action";"Touch";"V, S";"Concentration, up to 1 hour";"A nonmagical weapon you touch becomes a magic weapon. Choose one of the following damage types - acid, cold, fire, lightning, or thunder. For the duration, the weapon has a +1 bonus to attack rolls and deals an extra 1d4 damage of the chosen type when it hits.<br> <b>At Higher Levels</b>: When you cast this spell using a spell slot of 5th or 6th level, the bonus to attack rolls increases to +2 and the extra damage increases to 2d4. When you use a spell slot of 7th level or higher, the bonus increases to +3 and the extra damage increases to 3d4. ";"Paladin"
"3";"Fear";"3rd level Illusion";"1 action";"Self (30-foot cone)";"V, S, M";"Concentration, up to 1 minute";"(a white feather or the heart of a hen)You project a phantasmal image of a creature's worst fears. Each creature in a 30-foot cone must succeed on a Wisdom saving throw or drop whatever it is holding and become frightened for the duration.<br> While frightened by this spell, a creature must take the Dash action and move away from you by the safest available route on each of its turns, unless there is nowhere to move. If the creature ends its turn in a location where it doesn't have line of sight to you, the creature can make a Wisdom saving throw. On a successful save, the spell ends for that creature. ";"Paladin (Conquest)"
"3";"Haste";"3rd level Transmutation";"1 action";"30 feet";"V, S, M";"Concentration, up to 1 minute";"(a shaving of licorice root)Choose a willing creature that you can see within range. Until the spell ends, the target's speed is doubled, it gains a +2 bonus to AC, it has advantage on Dexterity saving throws, and it gains an additional action on each of its turns. That action can be used only to take the Attack (one weapon attack only), Dash, Disengage, Hide, or Use an Object action.<br> When the spell ends, the target can't move or take actions until after its next turn, as a wave of lethargy sweeps over it. ";"Paladin (Vengeance)"
"3";"Hypnotic Pattern";"3rd level Illusion";"1 action";"120 feet";"S, M";"Concentration, up to 1 minute";"(a glowing stick of incense or a crystal vial filled with phosphorescent material)You create a twisting pattern of colors that weaves through the air inside a 30-foot cube within range. The pattern appears for a moment and vanishes. Each creature in the area who sees the pattern must make a Wisdom saving throw. On a failed save, the creature becomes charmed for the duration. While charmed by this spell, the creature is incapacitated and has a speed of 0.<br> The spell ends for an affected creature if it takes any damage or if someone else uses an action to shake the creature out of its stupor. ";"Paladin (Redemption)"
"3";"Magic Circle";"3rd level Abjuration";"1 minute";"10 feet";"V, S, M";"1 hour";"(holy water or powdered silver and iron worth at least 100 gp, which the spell consumes)You create a 10-foot-radius, 20-foot-tall cylinder of magical energy centered on a point on the ground that you can see within range. Glowing runes appear wherever the cylinder intersects with the floor or other surface.<br> Choose one or more of the following types of creatures - celestials, elementals, fey, fiends, or undead. The circle affects a creature of the chosen type in the following ways.<br> • The creature can't willingly enter the cylinder by nonmagical means. If the creature tries to use teleportation or interplanar travel to do so, it must first succeed on a Charisma saving throw.<br> • The creature has disadvantage on attack rolls against targets within the cylinder.<br> • Targets within the cylinder can't be charmed, frightened, or possessed by the creature. When you cast this spell, you can elect to cause its magic to operate in the reverse direction, preventing a creature of the specified type from leaving the cylinder and protecting targets outside it.<br> <b>At Higher Levels</b>: When you cast this spell using a spell slot of 4th level or higher, the duration increases by 1 hour for each slot level above 3rd. ";"Paladin"
"3";"Plant Growth";"3rd level Transmutation";"1 action or 8 hours";"150 feet";"V, S";"Instantaneous";"This spell channels vitality into plants within a specific area. There are two possible uses for the spell, granting either immediate or long-term benefits.<br> If you cast this spell using 1 action, choose a point within range. All normal plants in a 100-foot radius centered on that point become thick and overgrown. A creature moving through the area must spend 4 feet of movement for every 1 foot it moves.<br> You can exclude one or more areas of any size within the spell's area from being affected.<br> If you cast this spell over 8 hours, you enrich the land. All plants in a half-mile radius centered on a point within range become enriched for 1 year. The plants yield twice the normal amount of food when harvested. ";"Paladin (Ancients)"
"3";"Protection from Energy";"3rd level Abjuration";"1 action";"Touch";"V, S";"Concentration, up to 1 hour";"For the duration, the willing creature you touch has resistance to one damage type of your choice: acid, cold, fire, lightning, or thunder.";"Paladin (Ancients)(Vengeance)"
"3";"Remove Curse";"3rd level Abjuration";"1 action";"Touch";"V, S";"Instantaneous";"At your touch, all curses affecting one creature or object end. If the object is a cursed magic item, its curse remains, but the spell breaks its owner's attunement to the object so it can be removed or discarded.";"Paladin"
"3";"Revivify";"3rd level Necromancy";"1 action";"Touch";"V, S, M";"Instantaneous";"(diamonds worth 300 gp, which the spell consumes)You touch a creature that has died within the last minute. That creature returns to life with 1 hit point. This spell can't return to life a creature that has died of old age, nor can it restore any missing body parts.";"Paladin"
"3";"Spirit Guardians";"3rd level Conjuration";"1 action";"Self (15-foot-radius)";"V, S, M";"Concentration, up to 10 minutes";"(a holy symbol)You call forth spirits to protect you. They flit around you to a distance of 15 feet for the duration. If you are good or neutral, their spectral form appears angelic or fey (your choice). If you are evil, they appear fiendish.<br> When you cast this spell, you can designate any number of creatures you can see to be unaffected by it. An affected creature's speed is halved in the area, and when the creature enters the area for the first time on a turn or starts its turn there, it must make a Wisdom saving throw. On a failed save, the creature takes 3d8 radiant damage (if you are good or neutral) or 3d8 necrotic damage (if you are evil). On a successful save, the creature takes half as much damage.<br> <b>At Higher Levels</b>: When you cast this spell using a spell slot of 4th level or higher, the damage increases by 1d8 for each slot level above 3rd. ";"Paladin (Crown)"
"3";"Spirit Shroud";"3rd-level necromancy";"1 bonus action";"Self";"V, S";"Concentration, up to 1 minute";"You call forth spirits of the dead, which lit around you for the spell's duration. The spirits are intangible and invulnerable.<br>Until the spell ends, any attack you make deals 1d8 extra damage when you hit a creature within 10 feet of you. This damage is radiant, necrotic, or cold (your choice when you cast the spell). Any creature that takes this damage can't regain hit points until the start of your next turn.<br>In addition, any creature of your choice that you can see that starts its turn within 10 feet of you has its speed reduced by 10 feet until the start of your next turn.<br><b>At Higher Levels</b>: When you cast this spell using a spell slot of 4th level or higher, the damage increases by 1d8 for every two slot levels above 3rd.";"Paladin (TCE)"
"3";"Haste";"3rd level Transmutation";"1 action";"30 feet";"V, S, M";"Concentration, up to 1 minute";"(a shaving of licorice root)Choose a willing creature that you can see within range. Until the spell ends, the target's speed is doubled, it gains a +2 bonus to AC, it has advantage on Dexterity saving throws, and it gains an additional action on each of its turns. That action can be used only to take the Attack (one weapon attack only), Dash, Disengage, Hide, or Use an Object action.<br> When the spell ends, the target can't move or take actions until after its next turn, as a wave of lethargy sweeps over it. ";"Paladin (Glory)"
"3";"Protection from Energy";"3rd level Abjuration";"1 action";"Touch";"V, S";"Concentration, up to 1 hour";"For the duration, the willing creature you touch has resistance to one damage type of your choice: acid, cold, fire, lightning, or thunder.";"Paladin (Glory)"
"3";"Counterspell";"3rd level Abjuration";"1 reaction";"60 feet";"S";"Instantaneous";"You attempt to interrupt a creature in the process of casting a spell. If the creature is casting a spell of 3rd level or lower, its spell fails and has no effect. If it is casting a spell of 4th level or higher, make an ability check using your spellcasting ability. The DC equals 10 + the spell's level. On a success, the creature's spell fails and has no effect.<br> <b>At Higher Levels</b>: When you cast this spell using a spell slot of 4th level or higher, the interrupted spell has no effect if its level is less than or equal to the level of the spell slot you used. ";"Paladin (Watchers)"
"3";"Nondetection";"3rd level Abjuration";"1 action";"Touch";"V, S, M";"8 hours";"(A pinch of diamond dust worth 25 gp sprinkled over the target, Consumed)For the duration, you hide a target that you touch from divination magic. The target can be a willing creature or a place or an object no larger than 10 feet in any dimension. The target can't be targeted by any divination magic or perceived through magical scrying sensors.";"Paladin (Watchers)"
"4";"Aura of Life";"4th level Abjuration";"1 action";"Self (30-foot radius)";"V";"Concentration, up to 10 minutes";"Life-preserving energy radiates from you in an aura with a 30-foot radius. Until the spell ends, the aura moves with you, centered on you. Each non-hostile creature in the aura (including you) has resistance to necrotic damage, and its hit point maximum can't be reduced. In addition, a non-hostile, living creature regains 1 hit point when it starts its turn in the aura with 0 hit points.";"Paladin"
"4";"Aura of Purity";"4th level Abjuration";"1 action";"Self (30-foot radius)";"V";"Concentration, up to 10 minutes";"Purifying energy radiates from you in an aura with a 30-foot radius. Until the spell ends, the aura moves with you, centered on you. Each non-hostile creature in the aura (including you) can't become diseased, has resistance to poison damage, and has advantage on saving throws against effects that cause any of the following conditions: blinded, charmed, deafened, frightened, paralyzed, poisoned, and stunned.";"Paladin"
"4";"Banishment";"4th level Abjuration";"1 action";"60 feet";"V, S, M";"Concentration, up to 1 minute";"(an item distasteful to the target)You attempt to send one creature that you can see within range to another place of existence. The target must succeed on a Charisma saving throw or be banished.<br> If the target is native to the plane of existence you're on, you banish the target to a harmless demiplane. While there, the target is incapacitated. The target remains there until the spell ends, at which point the target reappears in the space it left or in the nearest unoccupied space if that space is occupied.<br> If the target is native to a different plane of existence that the one you're on, the target is banished with a faint popping noise, returning to its home plane. If the spell ends before 1 minute has passed, the target reappears in the space it left or in the nearest unoccupied space if that space is occupied. Otherwise, the target doesn't return.<br> <b>At Higher Levels</b>: When you cast this spell using a spell slot of 5th level or higher, you can target one additional creature for each slot level above 4th. ";"Paladin (*)(Vengeance)(Crown)"
"4";"Blight";"4th level Necromancy";"1 action";"30 feet";"V, S";"Instantaneous";"Necromantic energy washes over a creature of your choice that you can see within range, draining moisture and vitality from it. The target must make a Constitution saving throw. The target takes 8d8 necrotic damage on a failed save, or half as much damage on a successful one. This spell has no effect on undead or constructs.<br> If you target a plant creature or a magical plant, it makes the saving throw with disadvantage, and the spell deals maximum damage to it.<br> If you target a nonmagical plant that isn't a creature, such as a tree or shrub, it doesn't make a saving throw, it simply withers and dies.<br> <b>At Higher Levels</b>: When you cast this spell using a spell slot of 5th level or higher, the damage increases by 1d8 for each slot level above 4th. ";"Paladin (Oathbreaker)"
"4";"Confusion";"4th level Enchantment ";"1 action";"90 feet";"V, S, M";"Concentration, up to 1 minute";"(three nut shells)This spell assaults and twists creatures' minds, spawning delusions and provoking uncontrolled actions. Each creature in a 10-foot-radius sphere centered on a point you choose within range must succeed on a Wisdom saving throw when you cast this spell or be affected by it.<br> An affected target can't take reactions and must roll a d10 at the start of each of its turns to determine its behavior for that turn.<br> 1: The creature uses all its movement to move in a random direction. To determine the direction, roll a d8 and assign a direction to each die face. The creature doesn't take an action this turn.<br> 2-6: The creature doesn't move or take actions this turn.<br> 7-8: The creature uses its action to make a melee attack against a randomly determined creature within its reach. If there is no creature within its reach, the creature does nothing this turn.<br> 9-10: The creature can act and move normally. At the end of its turns, an affected target can make a Wisdom saving throw. If it succeeds, this effect ends for that target.<br> <b>At Higher Levels</b>: When you cast this spell using a spell slot of 5th level or higher, the radius of the sphere increases by 5 feet for each slot above 4th. ";"Paladin (Oathbreaker)"
"4";"Death Ward";"4th level Abjuration";"1 action";"Touch";"V, S";"8 hours";"You touch a creature and grant it a measure of protection from death.<br> The first time the target would drop to 0 hit points as a result of taking damage, the target instead drops to 1 hit point, and the spell ends.<br> If the spell is still in effect when the target is subjected to an effect that would kill it instantaneously without dealing damage, that effect is instead negated against the target, and the spells ends.";"Paladin"
"4";"Dimension Door";"4th level Conjuration";"1 action";"500 feet";"V";"Instantaneous";"You teleport yourself from your current location to any other spot within range. You arrive at exactly the spot desired. It can be a place you can see, one you can visualize, or one you can describe by stating distance and direction, such as 200 feet straight downward or upward to the northwest at a 45-degree angle, 300 feet.<br> You can bring along objects as long as their weight doesn't exceed what you can carry. You can also bring one willing creature of your size or smaller who is carrying gear up to its carrying capacity. The creature must be within 5 feet of you when you cast this spell.<br> If you would arrive in a place already occupied by an object or a creature, you and any creature traveling with you each take 4d6 force damage, and the spell fails to teleport you. ";"Paladin (Vengeance)"
"4";"Dominate Beast";"4th level Enchantment ";"1 action";"60 feet";"V, S";"Concentration, up to 1 minute";"You attempt to beguile a beast that you can see within range. It must succeed on a Wisdom saving throw or be charmed by you for the duration. If you or creatures that are friendly to you are fighting it, it has advantage on the saving throw.<br> While the beast is charmed, you have a telepathic link with it as long as the two of you are on the same plane of existence. You can use this telepathic link to issue commands to the creature while you are conscious (no action required), which it does its best to obey. You can specify a simple and general course of action, such as Attack that creature, Run over there, or Fetch that object. If the creature completes the order and doesn't receive further direction from you, it defends and preserves itself to the best of its ability.<br> You can use your action to take total and precise control of the target. Until the end of your next turn, the creature takes only the actions you choose, and doesn't do anything that you don't allow it to do. During this time, you can also cause the creature to use a reaction, but this requires you to use your own reaction as well.<br> Each time the target takes damage, it makes a new Wisdom saving throw against the spell. If the saving throw succeeds, the spell ends.<br> <b>At Higher Levels</b>: When you cast this spell with a 5th-level spell slot, the duration is concentration, up to 10 minutes. When you use a 6th-level spell slot, the duration is concentration, up to 1 hour. When you use a spell slot of 7th level or higher, the duration is concentration, up to 8 hours. ";"Paladin (Conquest)"
"4";"Find Greater Steed";"4th level Conjuration";"10 minutes";"30 feet";"V, S";"Instantaneous";"You summon a spirit that assumes the form of a loyal, majestic mount. Appearing in an unoccupied space within range, the spirit takes on a form you choose: a griffon, a pegasus, a peryton , a dire wolf, a rhinoceros, or a saber-toothed tiger. The creature has the statistics provided in the <i>Monster Manual</i> for the chosen form, though it is a celestial, a fey, or a fiend (your choice) instead of its normal creature type. Additionally, if it has an Intelligence score of 5 or lower, its Intelligence becomes 6, and it gains the ability to understand one language of your choice that you speak.<br> You control the mount in combat. While the mount is within 1 mile of you, you can communicate with it telepathically. While mounted on it, you can make any spell you cast that targets only you also target the mount.<br> The mount disappears temporarily when it drops to 0 hit points or when you dismiss it as an action. Casting this spell again re-summons the bonded mount, with all its hit points restored and any conditions removed.<br> You can't have more than one mount bonded by this spell or <i>find steed</i> at the same time. As an action, you can release a mount from its bond, causing it to disappear permanently.<br> Whenever the mount disappears, it leaves behind any objects it was wearing or carrying.";"Paladin (XGE)"
"4";"Freedom of Movement";"4th level Abjuration";"1 action";"Touch";"V, S, M";"1 hour";"(a leather strap, bound around the arm or a similar appendage)You touch a willing creature. For the duration, the target's movement is unaffected by difficult terrain, and spells and other magical effects can neither reduce the target's speed nor cause the target to be paralyzed or restrained.<br> The target can also spend 5 feet of movement to automatically escape from nonmagical restraints, such as manacles or a creature that has it grappled. Finally, being underwater imposes no penalties on the target's movement or attacks. ";"Paladin (Devotion)"
"4";"Guardian of Faith";"4th level Conjuration";"1 action";"30 feet";"V";"8 hours";"A Large spectral guardian appears and hovers for the duration in an unoccupied space of your choice that you can see within range. The guardian occupies that space and is indistinct except for a gleaming sword and shield emblazoned with the symbol of your deity.<br> Any creature hostile to you that moves to a space within 10 feet of the guardian for the first time on a turn must succeed on a Dexterity saving throw. The creature takes 20 radiant damage on a failed save, or half as much damage on a successful one. The guardian vanishes when it has dealt a total of 60 damage. ";"Paladin (Devotion)(Crown)"
"4";"Ice Storm";"4th level Evocation";"1 action";"300 feet";"V, S, M";"Instantaneous";"(a pinch of dust and a few drops of water)A hail of rock-hard ice pounds to the ground in a 20-foot-radius, 40-foot-high cylinder centered on a point within range. Each creature in the cylinder must make a Dexterity saving throw. A creature takes 2d8 bludgeoning damage and 4d6 cold damage on a failed save, or half as much damage on a successful one.<br> Hailstones turn the storm's area of effect into difficult terrain until the end of your next turn.<br> <b>At Higher Levels</b>: When you cast this spell using a spell slot of 5th level or higher, the bludgeoning damage increases by 1d8 for each slot level above 4th. ";"Paladin (Ancients)"
"4";"Locate Creature";"4th level Divination";"1 action";"Self";"V, S, M";"Concentration, up to 1 hour";"(a bit of fur from a bloodhound)Describe or name a creature that is familiar to you. You sense the direction to the creature's location, as long as that creature is within 1,000 feet of you. If the creature is moving, you know the direction of its movement.<br> The spell can locate a specific creature known to you, or the nearest creature of a specific kind (such as a human or a unicorn), so long as you have seen such a creature up close - within 30 feet - at least once. If the creature you described or named is in a different form, such as being under the effects of a <i>polymorph</i> spell, this spell doesn't locate the creature.<br> This spell can't locate a creature if running water at least 10 feet wide blocks a direct path between you and the creature. ";"Paladin"
"4";"Otiluke's Resilient Sphere";"4th level Evocation";"1 action";"30 feet";"V, S, M";"Concentration, up to 1 minute";"(a hemispherical piece of clear crystal and a matching hemispherical piece of gum arabic)A sphere of shimmering force encloses a creature or object of Large size or smaller within range. An unwilling creature must make a Dexterity saving throw. On a failed save, the creature is enclosed for the duration.<br> Nothing, not physical objects, energy, or other spell effects, can pass through the barrier, in or out, though a creature in the sphere can breathe there. The sphere is immune to all damage, and a creature or object inside can't be damaged by attacks or effects originating from outside, nor can a creature inside the sphere damage anything outside it.<br> The sphere is weightless and just large enough to contain the creature or object inside. An enclosed creature can use its action to push against the sphere's walls and thus roll the sphere at up to half the creature's speed. Similarly, the globe can be picked up and moved by other creatures. A <i>disintegrate</i> spell targeting the globe destroys it without harming anything inside it. ";"Paladin (Redemption)"
"4";"Staggering Smite";"4th level Evocation";"1 bonus action";"Self";"V";"Concentration, up to 1 minute";"The next time you hit a creature with a melee weapon attack during this spell's duration, your weapon pierces both body and mind, and the attack deals an extra 4d6 psychic damage to the target. The target must make a Wisdom saving throw. On a failed save, it has disadvantage on attack rolls and ability checks, and can't take reactions, until the end of its next turn.";"Paladin"
"4";"Stoneskin";"4th level Abjuration";"1 action";"Touch";"V, S, M";"Concentration, up to 1 hour";"(diamond dust worth 100 gp, which the spell consumes)This spell turns the flesh of a willing creature you touch as hard as stone. Until the spell ends, the target has resistance to nonmagical bludgeoning, piercing, and slashing damage.";"Paladin"
"4";"Compulsion";"4th level Enchantment ";"1 action";"30 feet";"V, S";"Concentration, up to 1 minute";"Creatures of your choice that you can see within range and that can hear you must make a Wisdom saving throw. A target automatically succeeds on this saving throw if it can't be charmed. On a failed save, a target is affected by this spell. Until the spell ends, you can use a bonus action on each of your turns to designate a direction that is horizontal to you. Each affected target must use as much of its movement as possible to move in that direction on its next turn. It can take its action before it moves. After moving in this way, it can make another Wisdom saving throw to try to end the effect.<br> A target isn't compelled to move into an obviously deadly hazard, such as a fire pit, but it will provoke opportunity attacks to move in the designated direction. ";"Paladin (Glory)"
"4";"Freedom of Movement";"4th level Abjuration";"1 action";"Touch";"V, S, M";"1 hour";"(a leather strap, bound around the arm or a similar appendage)You touch a willing creature. For the duration, the target's movement is unaffected by difficult terrain, and spells and other magical effects can neither reduce the target's speed nor cause the target to be paralyzed or restrained.<br> The target can also spend 5 feet of movement to automatically escape from nonmagical restraints, such as manacles or a creature that has it grappled. Finally, being underwater imposes no penalties on the target's movement or attacks. ";"Paladin (Glory)"
"4";"Aura of Purity";"4th level Abjuration";"1 action";"Self (30-foot radius)";"V";"Concentration, up to 10 minutes";"Purifying energy radiates from you in an aura with a 30-foot radius. Until the spell ends, the aura moves with you, centered on you. Each non-hostile creature in the aura (including you) can't become diseased, has resistance to poison damage, and has advantage on saving throws against effects that cause any of the following conditions: blinded, charmed, deafened, frightened, paralyzed, poisoned, and stunned.";"Paladin (Watchers)"
"4";"Banishment";"4th level Abjuration";"1 action";"60 feet";"V, S, M";"Concentration, up to 1 minute";"(an item distasteful to the target)You attempt to send one creature that you can see within range to another place of existence. The target must succeed on a Charisma saving throw or be banished.<br> If the target is native to the plane of existence you're on, you banish the target to a harmless demiplane. While there, the target is incapacitated. The target remains there until the spell ends, at which point the target reappears in the space it left or in the nearest unoccupied space if that space is occupied.<br> If the target is native to a different plane of existence that the one you're on, the target is banished with a faint popping noise, returning to its home plane. If the spell ends before 1 minute has passed, the target reappears in the space it left or in the nearest unoccupied space if that space is occupied. Otherwise, the target doesn't return.<br> <b>At Higher Levels</b>: When you cast this spell using a spell slot of 5th level or higher, you can target one additional creature for each slot level above 4th. ";"Paladin (Watchers)"
"5";"Banishing Smite";"5th level Abjuration";"1 bonus action";"Self";"V";"Concentration, up to 1 minute";"The next time you hit a creature with a weapon attack before this spell ends, your weapon crackles with force, and the attack deals an extra 5d10 force damage to the target. Additionally, if this attack reduces the target to 50 hit points of fewer, you banish it. If the target is native to a different plane of existence than the one you're on, the target disappears, returning to its home plane. If the target is native to the plane you're on, the creature vanishes into a harmless demiplane. While there, the target is incapacitated. It remains there until the spell ends, at which point the target reappears in the space it left or in the nearest unoccupied space if that space is occupied.";"Paladin"
"5";"Circle of Power";"5th level Abjuration";"1 action";"Self (30-foot radius)";"V";"Concentration, up to 10 minutes";"Divine energy radiates from you, distorting and diffusing magical energy within 30 feet of you. Until the spell ends, the sphere moves with you, centered on you. For the duration, each friendly creature in the area (including you) has advantage on saving throws against spells and other magical effects. Additionally, when an affected creature succeeds on a saving throw made against a spell or magical effect that allows it to make a saving throw to take only half damage, it instead takes no damage if it succeeds on the saving throw.";"Paladin (*)(Crown)"
"5";"Cloudkill";"5th level Conjuration";"1 action";"120 feet";"V, S";"Concentration, up to 10 minutes";"You create a 20-foot-radius sphere of poisonous, yellow-green fog centered on a point you choose within range. The fog spreads around corners. It lasts for the duration or until strong wind disperses the fog, ending the spell. Its area is heavily obscured.<br> When a creature enters the spell's area for the first time on a turn or starts its turn there, that creature must make a Constitution saving throw. The creature takes 5d8 poison damage on a failed save, or half as much damage on a successful one. Creatures are affected even if they hold their breath or don't need to breathe.<br> The fog moves 10 feet away from you at the start of each of your turns, rolling along the surface of the ground. The vapors, being heavier than air, sink to the lowest level of the land, even pouring down openings.<br> <b>At Higher Levels</b>: When you cast this spell using a spell slot of 6th level or higher, the damage increases by 1d8 for each slot level above 5th.";"Paladin (Conquest)"
"5";"Commune (ritual)";"5th level Divination";"1 minute";"Self";"V, S, M";"1 minute";"(incense and a vial of holy or unholy water)You contact your deity or a divine proxy and ask up to three questions that can be answered with a yes or no. You must ask your questions before the spell ends. You receive a correct answer for each question.<br> Divine beings aren't necessarily omniscient, so you might receive unclear as an answer if a question pertains to information that lies beyond the deity's knowledge. In a case where a one-word answer could be misleading or contrary to the deity's interests, the DM might offer a short phrase as an answer instead.<br> If you cast the spell two or more times before finishing your next long rest, there is a cumulative 25 percent chance for each casting after the first that you get no answer. The DM makes this roll in secret. ";"Paladin (Devotion)"
"5";"Commune with Nature (ritual)";"5th level Divination";"1 minute";"Self";"V, S";"Instantaneous";"You briefly become one with nature and gain knowledge of the surrounding territory. In the outdoors, the spell gives you knowledge of the land within 3 miles of you. In caves and other natural underground settings, the radius is limited to 300 feet. The spell doesn't function where nature has been replaced by construction, such as in dungeons and towns.<br> You instantly gain knowledge of up to three facts of your choice about any of the following subjects as they relate to the area:<br> • terrain and bodies of water<br> • prevalent plants, minerals, animals, or peoples<br> •  powerful celestials, fey, fiends, elementals, or undead<br> • influence from other planes of existence<br> • buildings.<br> For example, you could determine the location of powerful undead in the area, the location of major sources of safe drinking water, and the location of any nearby towns. ";"Paladin (Ancients)"
"5";"Contagion";"5th level Necromancy";"1 action";"Touch";"V, S";"7 days";"Your touch inflicts disease. Make a melee spell attack against a creature within your reach. On a hit, you afflict the creature with a disease of your choice from any of the ones described below.<br> At the end of each of the target's turns, it must make a Constitution saving throw. After failing three of these saving throws, the disease's effects last for the duration, and the creature stops making these saves. After succeeding on three of these saving throws, the creature recovers from the disease, and the spell ends.<br> Since this spell induces a natural disease in its target, any effect that removes a disease or otherwise ameliorates a disease's effects apply to it.<br> <b>Blinding Sickness</b>: Pain grips the creature's mind, and its eyes turn milky white. The creature has disadvantage on Wisdom checks and Wisdom saving throws and is blinded.<br> <b>Filth Fever</b>: A raging fever sweeps through the creature's body. The creature has disadvantage on Strength checks, Strength saving throws, and attack rolls that use Strength.<br> <b>Flesh Rot</b>: The creature's flesh decays. The creature has disadvantage on Charisma checks and vulnerability to all damage.<br> <b>Mindfire</b>: The creature's mind becomes feverish. The creature has disadvantage on Intelligence checks and Intelligence saving throws, and the creature behaves as if under the effects of the confusion spell during combat.<br> <b>Seizure</b>: The creature is overcome with shaking. The creature has disadvantage on Dexterity checks, Dexterity saving throws, and attack rolls that use Dexterity.<br> <b>Slimy Doom</b>: The creature begins to bleed uncontrollably. The creature has disadvantage on Constitution checks and Constitution saving throws. In addition, whenever the creature takes damage, it is stunned until the end of its next turn. ";"Paladin (Oathbreaker)"
"5";"Destructive Wave";"5th level Evocation";"1 action";"Self (30-foot radius)";"V";"Instantaneous";"You strike the ground, creating a burst of divine energy that ripples outward from you. Each creature you choose within 30 feet of you must succeed on a Constitution saving throw or take 5d6 thunder damage, as well as 5d6 radiant or necrotic damage (your choice), and be knocked prone. A creature that succeeds on its saving throw takes half as much damage and isn't knocked prone.";"Paladin"
"5";"Dispel Evil and Good";"5th level Abjuration";"1 action";"Self";"V, S, M";"Concentration, up to 1 minute";"(holy water or powdered silver and iron)Shimmering energy surrounds and protects you from fey, undead, and creatures originating from beyond the Material Plane. For the duration, celestials, elementals, fey, fiends, and undead have disadvantage on attack rolls against you.<br> You can end the spell early by using either of the following special functions.<br> <b>Break Enchantment</b>: As your action, you touch a creature you can reach that is charmed, frightened, or possessed by a celestial, an elemental, a fey, a fiend, or an undead. The creature you touch is no longer charmed, frightened, or possessed by such creatures.<br> <b>Dismissal</b>: As your action, make a melee spell attack against a celestial, an elemental, a fey, a fiend, or an undead you can reach. On a hit, you attempt to drive the creature back to its home plane. The creature must succeed on a Charisma saving throw or be sent back to its home plane (if it isn't there already). If they aren't on their home plane, undead are sent to the Shadowfell, and fey are sent to the Feywild. ";"Paladin"
"5";"Dominate Person";"5th level Enchantment ";"1 action";"60 feet";"V, S";"Concentration, up to 1 minute";"You attempt to beguile a humanoid that you can see within range. It must succeed on a Wisdom saving throw or be charmed by you for the duration. If you or creatures that are friendly to you are fighting it, it has advantage on the saving throw.<br> While the target is charmed, you have a telepathic link with it as long as the two of you are on the same plane of existence. You can use this telepathic link to issue commands to the creature while you are conscious (no action required), which it does its best to obey. You can specify a simple and general course of action, such as Attack that creature, Run over there, or Fetch that object. If the creature completes the order and doesn't receive further direction from you, it defends and preserves itself to the best of its ability.<br> You can use your action to take total and precise control of the target. Until the end of your next turn, the creature takes only the actions you choose, and doesn't do anything that you don't allow it to do. During this time you can also cause the creature to use a reaction, but this requires you to use your own reaction as well.<br> Each time the target takes damage, it makes a new Wisdom saving throw against the spell. If the saving throw succeeds, the spell ends.<br> <b>At Higher Levels</b>: When you cast this spell using a 6th-level spell slot, the duration is concentration, up to 10 minutes. When you use a 7th-level spell slot, the duration is concentration, up to 1 hour. When you use a spell slot of 8th level or higher, the duration is concentration, up to 8 hours. ";"Paladin (Oathbreaker)(Conquest)"
"5";"Flame Strike";"5th level Evocation";"1 action";"60 feet";"V, S, M";"Instantaneous";"(pinch of sulfur)A vertical column of divine fire roars down from the heavens in a location you specify. Each creature in a 10-foot radius, 40-foot-high cylinder centered on a point within range must make a Dexterity saving throw. A creature takes 4d6 fire damage and 4d6 radiant damage on a failed save, or half as much damage on a successful one.<br> <b>At Higher Levels</b>: When you cast this spell using a spell slot of 6th level or higher, the fire damage or the radiant damage (your choice) increases by 1d6 for each slot level above 5th. ";"Paladin (Devotion)"
"5";"Geas";"5th level Enchantment ";"1 minute";"60 feet";"V";"30 days";"You place a magical command on a creature that you can see within range, forcing it to carry out some service or refrain from some action or course of activity as you decide. If the creature can understand you, it must succeed on a Wisdom saving throw or become charmed by you for the duration. While the creature is charmed by you, it takes 5d10 psychic damage each time it acts in a manner directly counter to your instructions, but no more than once each day. A creature that can't understand you is unaffected by the spell.<br> You can issue any command you choose, short of an activity that would result in certain death. Should you issue a suicidal command, the spell ends.<br> You can end the spell early by using an action to dismiss it. A <i>remove curse</i>, <i>greater restoration</i>, or <i>wish</i> spell also ends it.<br> <b>At Higher Levels</b>: When you cast this spell using a spell slot of 7th or 8th level, the duration is 1 year. When you cast this spell using a spell slot of the spell lasts until it is ended by one of the spells mentioned above. ";"Paladin (*)(Crown)"
"5";"Hold Monster";"5th level Enchantment ";"1 action";"90 feet";"V, S, M";"Concentration, up to 1 minute";"(a small, straight piece of iron)Choose a creature that you can see within range. The target must succeed on a Wisdom saving throw or be paralyzed for the duration. This spell has no effect on undead. At the end of each of its turns, the target can make another Wisdom saving throw. On a success, the spell ends on the target.<br> <b>At Higher Levels</b>: When you cast this spell using a spell slot of 6th level or higher, you can target on additional creature for each slot level above 5th. The creatures must be within 30 feet of each other when you target them. ";"Paladin (Vengeance)(Redemption)"
"5";"Holy Weapon";"5th level Evocation";"1 bonus action";"Touch";"V, S";"Concentration, up to 1 hour";"You imbue a weapon you touch with holy power. Until the spell ends, the weapon emits bright light in a 30-foot radius and dim light for an additional 30 feet. In addition, weapon attacks made with it deal an extra 2d8 radiant damage on a hit. If the weapon isn't already a magic weapon, it becomes one for the duration.<br> As a bonus action on your turn, you can dismiss this spell and cause the weapon to emit a burst of radiance. Each creature of your choice that you can see within 30 feet of you must make a Constitution saving throw. On a failed save, a creature takes 4d8 radiant damage, and it is blinded for 1 minute. On a successful save, a creature takes half as much damage and isn't blinded. At the end of each of its turns, a blinded creature can make a Constitution saving throw, ending the effect on itself on a success.";"Paladin (XGE)"
"5";"Raise Dead";"5th level Necromancy";"1 hour";"Touch";"V, S, M";"Instantaneous";"(a diamond worth at least 500 gp, which the spell consumes)You return a dead creature you touch to life, provided that it has been dead no longer than 10 days. If the creature's soul is both willing and at liberty to rejoin the body, the creature returns to life with 1 hit point.<br> This spell also neutralizes any poison and cures nonmagical diseases that affected the creature at the time it died. This spell doesn't, however, remove magical diseases, curses, or similar effects, if these aren't first removed prior to casting the spell, they take effect when the creature returns to life. The spell can't return an undead creature to life.<br> This spell closes all mortal wounds, but it doesn't restore missing body parts. If the creature is lacking body parts or organs integral for its survival - its head, for instance - the spell automatically fails.<br> Coming back from the dead is an ordeal. The target takes a -4 penalty to all attack rolls, saving throws, and ability checks. Every time the target finishes a long rest, the penalty is reduced by 1 until it disappears. ";"Paladin"
"5";"Scrying";"5th level Divination";"10 minutes";"Self";"V, S, M";"Concentration, up to 10 minutes";"(a focus worth at least 1,000 gp, such as a crystal ball, a silver mirror, or a font filled with holy water)You can see and hear a particular creature you choose that is on the same plane of existence as you. The target must make a Wisdom saving throw, which is modified by how well you know the target and the sort of physical connection you have to it. If a target knows you're casting this spell, it can fail the saving throw voluntarily if it wants to be observed.<br> <b>Knowledge</b> - Secondhand (you have heard of the target) +5. Firsthand (you have met the target) +0. Familiar (you know the target well) -5.<br> <b>Connection</b> Likeness or picture -2. Possession or garment -4. Body part, lock of hair, bit of nail, or the like -10.<br> On a successful save, the target isn't affected, and you can't use this spell against it again for 24 hours.<br> On a failed save, the spell creates an invisible sensor within 10 feet of the target. You can see and hear through the sensor as if you were there. The sensor moves with the target, remaining within 10 feet of it for the duration. A creature that can see invisible objects sees the sensor as a luminous orb about the size of your fist.<br> Instead of targeting a creature, you can choose a location you have seen before as the target of this spell. When you do, the sensor appears at that location and doesn't move. ";"Paladin (Vengeance)"
"5";"Summon Celestial";"5th-level conjuration";"1 action";"90 feet";"V, S, M";"Concentration, up to 1 hour";"(a golden reliquary worth at least 500 gp)You call forth a celestial spirit. It manifests in an angelic form in an unoccupied space that you can see within range. This corporeal form uses the Celestial Spirit stat block. When you cast the spell, choose Avenger or Defender. Your choice determines the creature's attack in its stat block. The creature disappears when it drops to 0 hit points or when the spell ends.<br>The creature is an ally to you and your companions. In combat, the creature shares your initiative count, but it takes its turn immediately after yours. It obeys your verbal commands (no action required by you). If you don't issue any, it takes the Dodge action and uses its move to avoid danger.<br><b>At Higher Levels</b>: When you cast this spell using a spell slot of 6th level or higher, use the higher level whenever the spell's level appears in the stat block.";"Paladin (TCE)"
"5";"Tree Stride";"5th level Conjuration";"1 action";"Self";"V, S";"Concentration, up to 1 minute";"You gain the ability to enter a tree and move from inside it to inside another tree of the same kind within 500 feet. Both trees must be living and at least the same size as you. You must use 5 feet of movement to enter a tree. You instantly know the location of all other trees of the same kind within 500 feet and, as part of the move used to enter the tree, can either pass into one of those trees or step out of the tree you're in. You appear in a spot of your choice within 5 feet of the destination tree, using another 5 feet of movement. If you have no movement left, you appear within 5 feet of the tree you entered.<br> You can use this transportation ability once per round for the duration. You must end each turn outside a tree. ";"Paladin (Ancients)"
"5";"Wall of Force";"5th level Evocation";"1 action";"120 feet";"V, S, M";"Concentration, up to 10 minutes";"(a pinch of powder made by crushing a clear gemstone)An invisible wall of force springs into existence at a point you choose within range. The wall appears in any orientation you choose, as a horizontal or vertical barrier or at an angle. It can be free floating or resting on a solid surface. You can form it into a hemispherical dome or a sphere with a radius of up to 10 feet, or you can shape a flat surface made up of ten 10-foot-by-10-foot panels. Each panel must be contiguous with another panel. In any form, the wall is 1/4 inch thick. It lasts for the duration. If the wall cuts through a creature's space when it appears, the creature is pushed to one side of the wall (your choice which side).<br> Nothing can physically pass through the wall. It is immune to all damage and can't be dispelled by <i>dispel magic</i>. A <i>disintegrate</i> spell destroys the wall instantly, however. The wall also extends into the Ethereal Plane, blocking ethereal travel through the wall. ";"Paladin (Redemption)"
"5";"Commune (ritual)";"5th level Divination";"1 minute";"Self";"V, S, M";"1 minute";"(incense and a vial of holy or unholy water)You contact your deity or a divine proxy and ask up to three questions that can be answered with a yes or no. You must ask your questions before the spell ends. You receive a correct answer for each question.<br> Divine beings aren't necessarily omniscient, so you might receive unclear as an answer if a question pertains to information that lies beyond the deity's knowledge. In a case where a one-word answer could be misleading or contrary to the deity's interests, the DM might offer a short phrase as an answer instead.<br> If you cast the spell two or more times before finishing your next long rest, there is a cumulative 25 percent chance for each casting after the first that you get no answer. The DM makes this roll in secret. ";"Paladin (Glory)"
"5";"Flame Strike";"5th level Evocation";"1 action";"60 feet";"V, S, M";"Instantaneous";"(pinch of sulfur)A vertical column of divine fire roars down from the heavens in a location you specify. Each creature in a 10-foot radius, 40-foot-high cylinder centered on a point within range must make a Dexterity saving throw. A creature takes 4d6 fire damage and 4d6 radiant damage on a failed save, or half as much damage on a successful one.<br> <b>At Higher Levels</b>: When you cast this spell using a spell slot of 6th level or higher, the fire damage or the radiant damage (your choice) increases by 1d6 for each slot level above 5th. ";"Paladin (Glory)"
"5";"Hold Monster";"5th level Enchantment ";"1 action";"90 feet";"V, S, M";"Concentration, up to 1 minute";"(A small, straight piece of iron)Choose a creature that you can see within range. The target must succeed on a Wisdom saving throw or be paralyzed for the duration. This spell has no effect on undead. At the end of each of its turns, the target can make another Wisdom saving throw. On a success, the spell ends on the target.<br><br><b>At Higher Levels</b>: When you cast this spell using a spell slot of 6th level or higher, you can target on additional creature for each slot level above 5th. The creatures must be within 30 feet of each other when you target them. ";"Paladin (Watchers)"
"5";"Scrying";"5th level Divination";"10 minutes";"Self";"V, S, M";"Concentration, up to 10 minutes";"(A focus worth at least 1,000 gp, such as a crystal ball, a silver mirror, or a font filled with holy water)You can see and hear a particular creature you choose that is on the same plane of existence as you. The target must make a Wisdom saving throw, which is modified by how well you know the target and the sort of physical connection you have to it. If a target knows you're casting this spell, it can fail the saving throw voluntarily if it wants to be observed.<br> <b>Knowledge</b> - Secondhand (you have heard of the target) +5. Firsthand (you have met the target) +0. Familiar (you know the target well) -5.<br> <b>Connection</b> Likeness or picture -2. Possession or garment -4. Body part, lock of hair, bit of nail, or the like -10.<br> On a successful save, the target isn't affected, and you can't use this spell against it again for 24 hours.<br> On a failed save, the spell creates an invisible sensor within 10 feet of the target. You can see and hear through the sensor as if you were there. The sensor moves with the target, remaining within 10 feet of it for the duration. A creature that can see invisible objects sees the sensor as a luminous orb about the size of your fist.<br> Instead of targeting a creature, you can choose a location you have seen before as the target of this spell. When you do, the sensor appears at that location and doesn't move. ";"Paladin (Watchers)"
